{"cameraMode":{"drawMode":0,"name":"Shaded","section":"Shading Mode"},"sceneLighting":true,"audioPlay":false,"sceneViewState":{"showFog":true,"showMaterialUpdate":false,"showSkybox":true,"showFlares":true,"showImageEffects":true,"showParticleSystems":true},"in2DMode":false,"pivot":{"x":0.06204032897949219,"y":3.3883018493652345,"z":17.916484832763673},"rotation":{"x":-0.17775727808475495,"y":0.6805381178855896,"z":-0.1753048449754715,"w":-0.6889689564704895},"size":23.87479019165039,"orthographic":false}