{"cameraMode":{"drawMode":0,"name":"Shaded","section":"Shading Mode"},"sceneLighting":false,"audioPlay":false,"sceneViewState":{"showFog":true,"showMaterialUpdate":false,"showSkybox":false,"showFlares":true,"showImageEffects":true,"showParticleSystems":true},"in2DMode":false,"pivot":{"x":0.6893090009689331,"y":-1.0719733238220215,"z":1.7991856336593629},"rotation":{"x":0.9981955289840698,"y":-0.0017970370827242733,"z":0.04044903442263603,"w":0.044346991926431659},"size":5.145574569702148,"orthographic":false}